기본가격,옵션1,옵션2,옵션3,추가가격,최종가격
10700,,,,10700,
,,,,,
,🏆BEST🏆마블아이보리,1.7cm/70cm,50cm,,10700
,🏆BEST🏆마블아이보리,1.7cm/70cm,100cm,10700,21400
,🏆BEST🏆마블아이보리,1.7cm/70cm,200cm,32100,42800
,🏆BEST🏆마블아이보리,1.7cm/70cm,300cm,53500,64200
,🏆BEST🏆마블아이보리,1.7cm/70cm,400cm,74900,85600
,🏆BEST🏆마블아이보리,1.7cm/70cm,500cm,96300,107000
,🏆BEST🏆마블아이보리,1.7cm/110cm,100cm,16900,27600
,🏆BEST🏆마블아이보리,1.7cm/110cm,150cm,30700,41400
,🏆BEST🏆마블아이보리,1.7cm/110cm,200cm,44500,55200
,🏆BEST🏆마블아이보리,1.7cm/110cm,250cm,58300,69000
,🏆BEST🏆마블아이보리,1.7cm/110cm,300cm,72100,82800
,🏆BEST🏆마블아이보리,1.7cm/110cm,350cm,85900,96600
,🏆BEST🏆마블아이보리,1.7cm/110cm,400cm,99700,110400
,🏆BEST🏆마블아이보리,1.7cm/110cm,450cm,113500,124200
,🏆BEST🏆마블아이보리,1.7cm/110cm,500cm,127300,138000
,🏆BEST🏆마블아이보리,1.7cm/110cm,550cm,141100,151800
,🏆BEST🏆마블아이보리,1.7cm/110cm,600cm,154900,165600
,🏆BEST🏆마블아이보리,1.7cm/110cm,650cm,168700,179400
,🏆BEST🏆마블아이보리,1.7cm/110cm,700cm,182500,193200
,🏆BEST🏆마블아이보리,1.7cm/110cm,750cm,196300,207000
,🏆BEST🏆마블아이보리,1.7cm/110cm,800cm,210100,220800
,🏆BEST🏆마블아이보리,1.7cm/125cm,100cm,21500,32200
,🏆BEST🏆마블아이보리,1.7cm/125cm,150cm,37600,48300
,🏆BEST🏆마블아이보리,1.7cm/125cm,200cm,53700,64400
,🏆BEST🏆마블아이보리,1.7cm/125cm,250cm,69800,80500
,🏆BEST🏆마블아이보리,1.7cm/125cm,300cm,85900,96600
,🏆BEST🏆마블아이보리,1.7cm/125cm,350cm,102000,112700
,🏆BEST🏆마블아이보리,1.7cm/125cm,400cm,118100,128800
,🏆BEST🏆마블아이보리,1.7cm/125cm,450cm,134200,144900
,🏆BEST🏆마블아이보리,1.7cm/125cm,500cm,150300,161000
,🏆BEST🏆마블아이보리,1.7cm/125cm,550cm,166400,177100
,🏆BEST🏆마블아이보리,1.7cm/125cm,600cm,182500,193200
,🏆BEST🏆마블아이보리,1.7cm/125cm,650cm,198600,209300
,🏆BEST🏆마블아이보리,1.7cm/125cm,700cm,214700,225400
,🏆BEST🏆마블아이보리,1.7cm/125cm,750cm,230800,241500
,🏆BEST🏆마블아이보리,1.7cm/125cm,800cm,246900,257600
,🏆BEST🏆마블아이보리,1.7cm/140cm,100cm,25700,36400
,🏆BEST🏆마블아이보리,1.7cm/140cm,150cm,43900,54600
,🏆BEST🏆마블아이보리,1.7cm/140cm,200cm,62100,72800
,🏆BEST🏆마블아이보리,1.7cm/140cm,250cm,80300,91000
,🏆BEST🏆마블아이보리,1.7cm/140cm,300cm,98500,109200
,🏆BEST🏆마블아이보리,1.7cm/140cm,350cm,116700,127400
,🏆BEST🏆마블아이보리,1.7cm/140cm,400cm,134900,145600
,🏆BEST🏆마블아이보리,1.7cm/140cm,450cm,153100,163800
,🏆BEST🏆마블아이보리,1.7cm/140cm,500cm,171300,182000
,🏆BEST🏆마블아이보리,1.7cm/140cm,550cm,189500,200200
,🏆BEST🏆마블아이보리,1.7cm/140cm,600cm,207700,218400
,🏆BEST🏆마블아이보리,1.7cm/140cm,650cm,225900,236600
,🏆BEST🏆마블아이보리,1.7cm/140cm,700cm,244100,254800
,🏆BEST🏆마블아이보리,1.7cm/140cm,750cm,262300,273000
,🏆BEST🏆마블아이보리,1.7cm/140cm,800cm,280500,291200
,🏆BEST🏆마블아이보리,1.2cm/110cm,100cm,14500,25200
,🏆BEST🏆마블아이보리,1.2cm/110cm,150cm,27100,37800
,🏆BEST🏆마블아이보리,1.2cm/110cm,200cm,39700,50400
,🏆BEST🏆마블아이보리,1.2cm/110cm,250cm,52300,63000
,🏆BEST🏆마블아이보리,1.2cm/110cm,300cm,64900,75600
,🏆BEST🏆마블아이보리,1.2cm/110cm,350cm,77500,88200
,🏆BEST🏆마블아이보리,1.2cm/110cm,400cm,90100,100800
,🏆BEST🏆마블아이보리,1.2cm/110cm,450cm,102700,113400
,🏆BEST🏆마블아이보리,1.2cm/110cm,500cm,115300,126000
,🏆BEST🏆마블아이보리,1.2cm/110cm,550cm,127900,138600
,🏆BEST🏆마블아이보리,1.2cm/110cm,600cm,140500,151200
,🏆BEST🏆마블아이보리,1.2cm/110cm,650cm,153100,163800
,🏆BEST🏆마블아이보리,1.2cm/110cm,700cm,165700,176400
,🏆BEST🏆마블아이보리,1.2cm/110cm,750cm,178300,189000
,🏆BEST🏆마블아이보리,1.2cm/110cm,800cm,190900,201600
,🏆BEST🏆마블아이보리,1.2cm/110cm,850cm,203500,214200
,🏆BEST🏆마블아이보리,1.2cm/110cm,900cm,216100,226800
,🏆BEST🏆마블아이보리,1.2cm/110cm,950cm,228700,239400
,🏆BEST🏆마블아이보리,1.2cm/110cm,1000cm,241300,252000
,🏆BEST🏆마블아이보리,1.2cm/110cm,1050cm,253900,264600
,🏆BEST🏆마블아이보리,1.2cm/110cm,1100cm,266500,277200
,🏆BEST🏆마블아이보리,1.2cm/110cm,1150cm,279100,289800
,🏆BEST🏆마블아이보리,1.2cm/110cm,1200cm,291700,302400
,🏆BEST🏆마블아이보리,1.2cm/125cm,100cm,18300,29000
,🏆BEST🏆마블아이보리,1.2cm/125cm,150cm,32800,43500
,🏆BEST🏆마블아이보리,1.2cm/125cm,200cm,47300,58000
,🏆BEST🏆마블아이보리,1.2cm/125cm,250cm,61800,72500
,🏆BEST🏆마블아이보리,1.2cm/125cm,300cm,76300,87000
,🏆BEST🏆마블아이보리,1.2cm/125cm,350cm,90800,101500
,🏆BEST🏆마블아이보리,1.2cm/125cm,400cm,105300,116000
,🏆BEST🏆마블아이보리,1.2cm/125cm,450cm,119800,130500
,🏆BEST🏆마블아이보리,1.2cm/125cm,500cm,134300,145000
,🏆BEST🏆마블아이보리,1.2cm/125cm,550cm,148800,159500
,🏆BEST🏆마블아이보리,1.2cm/125cm,600cm,163300,174000
,🏆BEST🏆마블아이보리,1.2cm/125cm,650cm,177800,188500
,🏆BEST🏆마블아이보리,1.2cm/125cm,700cm,192300,203000
,🏆BEST🏆마블아이보리,1.2cm/125cm,750cm,206800,217500
,🏆BEST🏆마블아이보리,1.2cm/125cm,800cm,221300,232000
,🏆BEST🏆마블아이보리,1.2cm/125cm,850cm,235800,246500
,🏆BEST🏆마블아이보리,1.2cm/125cm,900cm,250300,261000
,🏆BEST🏆마블아이보리,1.2cm/125cm,950cm,264800,275500
,🏆BEST🏆마블아이보리,1.2cm/125cm,1000cm,279300,290000
,🏆BEST🏆마블아이보리,1.2cm/125cm,1050cm,293800,304500
,🏆BEST🏆마블아이보리,1.2cm/125cm,1100cm,308300,319000
,🏆BEST🏆마블아이보리,1.2cm/125cm,1150cm,322800,333500
,🏆BEST🏆마블아이보리,1.2cm/125cm,1200cm,337300,348000
,🏆BEST🏆마블아이보리,1.2cm/140cm,100cm,22900,33600
,🏆BEST🏆마블아이보리,1.2cm/140cm,150cm,39700,50400
,🏆BEST🏆마블아이보리,1.2cm/140cm,200cm,56500,67200
,🏆BEST🏆마블아이보리,1.2cm/140cm,250cm,73300,84000
,🏆BEST🏆마블아이보리,1.2cm/140cm,300cm,90100,100800
,🏆BEST🏆마블아이보리,1.2cm/140cm,350cm,106900,117600
,🏆BEST🏆마블아이보리,1.2cm/140cm,400cm,123700,134400
,🏆BEST🏆마블아이보리,1.2cm/140cm,450cm,140500,151200
,🏆BEST🏆마블아이보리,1.2cm/140cm,500cm,157300,168000
,🏆BEST🏆마블아이보리,1.2cm/140cm,550cm,174100,184800
,🏆BEST🏆마블아이보리,1.2cm/140cm,600cm,190900,201600
,🏆BEST🏆마블아이보리,1.2cm/140cm,650cm,207700,218400
,🏆BEST🏆마블아이보리,1.2cm/140cm,700cm,224500,235200
,🏆BEST🏆마블아이보리,1.2cm/140cm,750cm,241300,252000
,🏆BEST🏆마블아이보리,1.2cm/140cm,800cm,258100,268800
,🏆BEST🏆마블아이보리,1.2cm/140cm,850cm,274900,285600
,🏆BEST🏆마블아이보리,1.2cm/140cm,900cm,291700,302400
,🏆BEST🏆마블아이보리,1.2cm/140cm,950cm,308500,319200
,🏆BEST🏆마블아이보리,1.2cm/140cm,1000cm,325300,336000
,🏆BEST🏆마블아이보리,1.2cm/140cm,1050cm,342100,352800
,🏆BEST🏆마블아이보리,1.2cm/140cm,1100cm,358900,369600
,🏆BEST🏆마블아이보리,1.2cm/140cm,1150cm,375700,386400
,🏆BEST🏆마블아이보리,1.2cm/140cm,1200cm,392500,403200
,🏆BEST🏆마블아이보리,1.4cm/110cm,300cm (품절),70900,81600
,🏆BEST🏆마블아이보리,1.4cm/110cm,350cm,84500,95200
,🏆BEST🏆마블아이보리,1.4cm/110cm,400cm,98100,108800
,🏆BEST🏆마블아이보리,1.4cm/125cm,200cm,51700,62400
,🏆BEST🏆마블아이보리,1.4cm/125cm,250cm,67300,78000
,🏆BEST🏆마블아이보리,1.4cm/125cm,300cm,82900,93600
,🏆BEST🏆마블아이보리,1.4cm/125cm,350cm,98500,109200
,🏆BEST🏆마블아이보리,1.4cm/125cm,400cm,114100,124800
,🏆BEST🏆마블아이보리,1.4cm/125cm,500cm (품절),145300,156000
,🏆BEST🏆마블아이보리,1.4cm/125cm,600cm,176500,187200
,🏆BEST🏆마블아이보리,1.4cm/125cm,700cm,207700,218400
,🏆BEST🏆마블아이보리,1.4cm/140cm,300cm,96100,106800
,🏆BEST🏆마블아이보리,1.4cm/140cm,350cm,113900,124600
,🏆BEST🏆마블아이보리,1.4cm/140cm,400cm,131700,142400
,🏆BEST🏆마블아이보리,1.4cm/140cm,450cm,149500,160200
,🏆BEST🏆마블아이보리,1.4cm/140cm,500cm,167300,178000
,🏆BEST🏆마블아이보리,1.4cm/140cm,550cm,185100,195800
,🏆BEST🏆마블아이보리,1.4cm/140cm,600cm,202900,213600
,🏆BEST🏆마블아이보리,1.4cm/140cm,650cm,220700,231400
,🏆BEST🏆마블아이보리,1.4cm/140cm,700cm,238500,249200
,🏆BEST🏆마블아이보리,2.2cm/110cm,100cm,27500,38200
,🏆BEST🏆마블아이보리,2.2cm/110cm,150cm,46600,57300
,🏆BEST🏆마블아이보리,2.2cm/110cm,200cm,65700,76400
,🏆BEST🏆마블아이보리,2.2cm/110cm,250cm,84800,95500
,🏆BEST🏆마블아이보리,2.2cm/110cm,300cm,103900,114600
,🏆BEST🏆마블아이보리,2.2cm/110cm,350cm,123000,133700
,🏆BEST🏆마블아이보리,2.2cm/110cm,400cm,142100,152800
,🏆BEST🏆마블아이보리,2.2cm/110cm,450cm,161200,171900
,🏆BEST🏆마블아이보리,2.2cm/110cm,500cm,180300,191000
,🏆BEST🏆마블아이보리,2.2cm/110cm,550cm,199400,210100
,🏆BEST🏆마블아이보리,2.2cm/110cm,600cm,218500,229200
,🏆BEST🏆마블아이보리,2.2cm/125cm,100cm,31100,41800
,🏆BEST🏆마블아이보리,2.2cm/125cm,150cm,52000,62700
,🏆BEST🏆마블아이보리,2.2cm/125cm,200cm,72900,83600
,🏆BEST🏆마블아이보리,2.2cm/125cm,250cm,93800,104500
,🏆BEST🏆마블아이보리,2.2cm/125cm,300cm,114700,125400
,🏆BEST🏆마블아이보리,2.2cm/125cm,350cm,135600,146300
,🏆BEST🏆마블아이보리,2.2cm/125cm,400cm,156500,167200
,🏆BEST🏆마블아이보리,2.2cm/125cm,450cm,177400,188100
,🏆BEST🏆마블아이보리,2.2cm/125cm,500cm,198300,209000
,🏆BEST🏆마블아이보리,2.2cm/125cm,550cm,219200,229900
,🏆BEST🏆마블아이보리,2.2cm/125cm,600cm,240100,250800
,🔥HOT🔥퓨어아이보리,1.7cm/110cm,100cm,16900,27600
,🔥HOT🔥퓨어아이보리,1.7cm/110cm,150cm,30700,41400
,🔥HOT🔥퓨어아이보리,1.7cm/110cm,200cm,44500,55200
,🔥HOT🔥퓨어아이보리,1.7cm/110cm,250cm,58300,69000
,🔥HOT🔥퓨어아이보리,1.7cm/110cm,300cm,72100,82800
,🔥HOT🔥퓨어아이보리,1.7cm/110cm,350cm,85900,96600
,🔥HOT🔥퓨어아이보리,1.7cm/110cm,400cm,99700,110400
,🔥HOT🔥퓨어아이보리,1.7cm/110cm,450cm,113500,124200
,🔥HOT🔥퓨어아이보리,1.7cm/110cm,500cm,127300,138000
,🔥HOT🔥퓨어아이보리,1.7cm/110cm,550cm,141100,151800
,🔥HOT🔥퓨어아이보리,1.7cm/110cm,600cm,154900,165600
,🔥HOT🔥퓨어아이보리,1.7cm/110cm,650cm,168700,179400
,🔥HOT🔥퓨어아이보리,1.7cm/110cm,700cm,182500,193200
,🔥HOT🔥퓨어아이보리,1.7cm/110cm,750cm,196300,207000
,🔥HOT🔥퓨어아이보리,1.7cm/110cm,800cm,210100,220800
,🔥HOT🔥퓨어아이보리,1.7cm/120cm,200cm,49700,60400
,🔥HOT🔥퓨어아이보리,1.7cm/120cm,300cm (품절),79900,90600
,🔥HOT🔥퓨어아이보리,1.7cm/120cm,400cm,110100,120800
,🔥HOT🔥퓨어아이보리,1.7cm/140cm,100cm,25700,36400
,🔥HOT🔥퓨어아이보리,1.7cm/140cm,150cm,43900,54600
,🔥HOT🔥퓨어아이보리,1.7cm/140cm,200cm,62100,72800
,🔥HOT🔥퓨어아이보리,1.7cm/140cm,250cm,80300,91000
,🔥HOT🔥퓨어아이보리,1.7cm/140cm,300cm,98500,109200
,🔥HOT🔥퓨어아이보리,1.7cm/140cm,350cm,116700,127400
,🔥HOT🔥퓨어아이보리,1.7cm/140cm,400cm,134900,145600
,🔥HOT🔥퓨어아이보리,1.7cm/140cm,450cm,153100,163800
,🔥HOT🔥퓨어아이보리,1.7cm/140cm,500cm,171300,182000
,🔥HOT🔥퓨어아이보리,1.7cm/140cm,550cm,189500,200200
,🔥HOT🔥퓨어아이보리,1.7cm/140cm,600cm,207700,218400
,🔥HOT🔥퓨어아이보리,1.7cm/140cm,650cm,225900,236600
,🔥HOT🔥퓨어아이보리,1.7cm/140cm,700cm,244100,254800
,🔥HOT🔥퓨어아이보리,1.7cm/140cm,750cm,262300,273000
,🔥HOT🔥퓨어아이보리,1.7cm/140cm,800cm,280500,291200
,🔥HOT🔥퓨어아이보리,1.2cm/110cm,100cm,14500,25200
,🔥HOT🔥퓨어아이보리,1.2cm/110cm,150cm,27100,37800
,🔥HOT🔥퓨어아이보리,1.2cm/110cm,200cm,39700,50400
,🔥HOT🔥퓨어아이보리,1.2cm/110cm,250cm,52300,63000
,🔥HOT🔥퓨어아이보리,1.2cm/110cm,300cm,64900,75600
,🔥HOT🔥퓨어아이보리,1.2cm/110cm,350cm,77500,88200
,🔥HOT🔥퓨어아이보리,1.2cm/110cm,400cm,90100,100800
,🔥HOT🔥퓨어아이보리,1.2cm/110cm,450cm,102700,113400
,🔥HOT🔥퓨어아이보리,1.2cm/110cm,500cm,115300,126000
,🔥HOT🔥퓨어아이보리,1.2cm/110cm,550cm,127900,138600
,🔥HOT🔥퓨어아이보리,1.2cm/110cm,600cm,140500,151200
,🔥HOT🔥퓨어아이보리,1.2cm/110cm,650cm,153100,163800
,🔥HOT🔥퓨어아이보리,1.2cm/110cm,700cm,165700,176400
,🔥HOT🔥퓨어아이보리,1.2cm/110cm,750cm,178300,189000
,🔥HOT🔥퓨어아이보리,1.2cm/110cm,800cm,190900,201600
,🔥HOT🔥퓨어아이보리,1.2cm/110cm,850cm,203500,214200
,🔥HOT🔥퓨어아이보리,1.2cm/110cm,900cm,216100,226800
,🔥HOT🔥퓨어아이보리,1.2cm/110cm,950cm,228700,239400
,🔥HOT🔥퓨어아이보리,1.2cm/110cm,1000cm,241300,252000
,🔥HOT🔥퓨어아이보리,1.2cm/110cm,1050cm,253900,264600
,🔥HOT🔥퓨어아이보리,1.2cm/110cm,1100cm,266500,277200
,🔥HOT🔥퓨어아이보리,1.2cm/110cm,1150cm,279100,289800
,🔥HOT🔥퓨어아이보리,1.2cm/110cm,1200cm,291700,302400
,🔥HOT🔥퓨어아이보리,1.2cm/140cm,100cm,22900,33600
,🔥HOT🔥퓨어아이보리,1.2cm/140cm,150cm,39700,50400
,🔥HOT🔥퓨어아이보리,1.2cm/140cm,200cm,56500,67200
,🔥HOT🔥퓨어아이보리,1.2cm/140cm,250cm,73300,84000
,🔥HOT🔥퓨어아이보리,1.2cm/140cm,300cm,90100,100800
,🔥HOT🔥퓨어아이보리,1.2cm/140cm,350cm,106900,117600
,🔥HOT🔥퓨어아이보리,1.2cm/140cm,400cm,123700,134400
,🔥HOT🔥퓨어아이보리,1.2cm/140cm,450cm,140500,151200
,🔥HOT🔥퓨어아이보리,1.2cm/140cm,500cm,157300,168000
,🔥HOT🔥퓨어아이보리,1.2cm/140cm,550cm,174100,184800
,🔥HOT🔥퓨어아이보리,1.2cm/140cm,600cm,190900,201600
,🔥HOT🔥퓨어아이보리,1.2cm/140cm,650cm,207700,218400
,🔥HOT🔥퓨어아이보리,1.2cm/140cm,700cm,224500,235200
,🔥HOT🔥퓨어아이보리,1.2cm/140cm,750cm,241300,252000
,🔥HOT🔥퓨어아이보리,1.2cm/140cm,800cm,258100,268800
,🔥HOT🔥퓨어아이보리,1.2cm/140cm,850cm,274900,285600
,🔥HOT🔥퓨어아이보리,1.2cm/140cm,900cm,291700,302400
,🔥HOT🔥퓨어아이보리,1.2cm/140cm,950cm,308500,319200
,🔥HOT🔥퓨어아이보리,1.2cm/140cm,1000cm,325300,336000
,🔥HOT🔥퓨어아이보리,1.2cm/140cm,1050cm,342100,352800
,🔥HOT🔥퓨어아이보리,1.2cm/140cm,1100cm,358900,369600
,🔥HOT🔥퓨어아이보리,1.2cm/140cm,1150cm,375700,386400
,🔥HOT🔥퓨어아이보리,1.2cm/140cm,1200cm,392500,403200
,🔥HOT🔥퓨어아이보리,1.4cm/140cm,200cm,60500,71200
,🔥HOT🔥퓨어아이보리,1.4cm/140cm,300cm,96100,106800
,🔥HOT🔥퓨어아이보리,1.4cm/140cm,400cm,131700,142400
,소프트그레이,1.7cm/110cm,100cm,16900,27600
,소프트그레이,1.7cm/110cm,200cm,44500,55200
,소프트그레이,1.7cm/110cm,300cm,72100,82800
,소프트그레이,1.7cm/110cm,400cm,99700,110400
,소프트그레이,1.7cm/110cm,500cm,127300,138000
,소프트그레이,1.7cm/110cm,600cm,154900,165600
,소프트그레이,1.7cm/110cm,700cm,182500,193200
,소프트그레이,1.7cm/110cm,800cm,210100,220800
,소프트그레이,1.7cm/125cm,100cm,21500,32200
,소프트그레이,1.7cm/125cm,200cm,53700,64400
,소프트그레이,1.7cm/125cm,300cm,85900,96600
,소프트그레이,1.7cm/125cm,400cm,118100,128800
,소프트그레이,1.7cm/125cm,500cm,150300,161000
,소프트그레이,1.7cm/125cm,600cm,182500,193200
,소프트그레이,1.7cm/125cm,700cm,214700,225400
,소프트그레이,1.7cm/125cm,800cm,246900,257600
,소프트그레이,1.7cm/140cm,100cm,25700,36400
,소프트그레이,1.7cm/140cm,200cm,62100,72800
,소프트그레이,1.7cm/140cm,300cm,98500,109200
,소프트그레이,1.7cm/140cm,400cm,134900,145600
,소프트그레이,1.7cm/140cm,500cm,171300,182000
,소프트그레이,1.7cm/140cm,600cm,207700,218400
,소프트그레이,1.7cm/140cm,700cm,244100,254800
,소프트그레이,1.7cm/140cm,800cm,280500,291200
,소프트그레이,1.2cm/110cm,100cm,14500,25200
,소프트그레이,1.2cm/110cm,200cm,39700,50400
,소프트그레이,1.2cm/110cm,300cm,64900,75600
,소프트그레이,1.2cm/110cm,400cm,90100,100800
,소프트그레이,1.2cm/110cm,500cm,115300,126000
,소프트그레이,1.2cm/110cm,600cm,140500,151200
,소프트그레이,1.2cm/110cm,700cm,165700,176400
,소프트그레이,1.2cm/110cm,800cm,190900,201600
,소프트그레이,1.2cm/110cm,900cm,216100,226800
,소프트그레이,1.2cm/110cm,1000cm,241300,252000
,소프트그레이,1.2cm/110cm,1100cm,266500,277200
,소프트그레이,1.2cm/110cm,1200cm,291700,302400
,소프트그레이,1.2cm/125cm,100cm,18300,29000
,소프트그레이,1.2cm/125cm,200cm,47300,58000
,소프트그레이,1.2cm/125cm,300cm,76300,87000
,소프트그레이,1.2cm/125cm,400cm,105300,116000
,소프트그레이,1.2cm/125cm,500cm,134300,145000
,소프트그레이,1.2cm/125cm,600cm,163300,174000
,소프트그레이,1.2cm/125cm,700cm,192300,203000
,소프트그레이,1.2cm/125cm,800cm,221300,232000
,소프트그레이,1.2cm/125cm,900cm,250300,261000
,소프트그레이,1.2cm/125cm,1000cm,279300,290000
,소프트그레이,1.2cm/125cm,1100cm,308300,319000
,소프트그레이,1.2cm/125cm,1200cm,337300,348000
,소프트그레이,1.2cm/140cm,100cm,22900,33600
,소프트그레이,1.2cm/140cm,200cm,56500,67200
,소프트그레이,1.2cm/140cm,300cm,90100,100800
,소프트그레이,1.2cm/140cm,400cm,123700,134400
,소프트그레이,1.2cm/140cm,500cm,157300,168000
,소프트그레이,1.2cm/140cm,600cm,190900,201600
,소프트그레이,1.2cm/140cm,700cm,224500,235200
,소프트그레이,1.2cm/140cm,800cm,258100,268800
,소프트그레이,1.2cm/140cm,900cm,291700,302400
,소프트그레이,1.2cm/140cm,1000cm,325300,336000
,소프트그레이,1.2cm/140cm,1100cm,358900,369600
,소프트그레이,1.2cm/140cm,1200cm,392500,403200
,소프트그레이,1.4cm/110cm,300cm,70900,81600
,소프트그레이,1.4cm/110cm,400cm,98100,108800
,소프트그레이,1.4cm/140cm,100cm,24900,35600
,소프트그레이,1.4cm/140cm,200cm,60500,71200
,소프트그레이,1.4cm/140cm,300cm,96100,106800
,소프트그레이,1.4cm/140cm,400cm,131700,142400
,소프트그레이,1.4cm/140cm,500cm,167300,178000
,소프트그레이,1.4cm/140cm,600cm,202900,213600
,소프트그레이,1.4cm/140cm,700cm,238500,249200
,소프트그레이,1.4cm/140cm,800cm,274100,284800
,소프트그레이,1.4cm/140cm,900cm,309700,320400
,소프트그레이,1.4cm/140cm,1000cm,345300,356000
,딜라이트우드,1.7cm/110cm,100cm,16900,27600
,딜라이트우드,1.7cm/110cm,200cm,44500,55200
,딜라이트우드,1.7cm/110cm,300cm,72100,82800
,딜라이트우드,1.7cm/110cm,400cm,99700,110400
,딜라이트우드,1.7cm/110cm,500cm,127300,138000
,딜라이트우드,1.7cm/110cm,600cm,154900,165600
,딜라이트우드,1.7cm/110cm,700cm,182500,193200
,딜라이트우드,1.7cm/110cm,800cm,210100,220800
,딜라이트우드,1.7cm/125cm,100cm,21500,32200
,딜라이트우드,1.7cm/125cm,200cm,53700,64400
,딜라이트우드,1.7cm/125cm,300cm,85900,96600
,딜라이트우드,1.7cm/125cm,400cm,118100,128800
,딜라이트우드,1.7cm/125cm,500cm,150300,161000
,딜라이트우드,1.7cm/125cm,600cm,182500,193200
,딜라이트우드,1.7cm/125cm,700cm,214700,225400
,딜라이트우드,1.7cm/125cm,800cm,246900,257600
,딜라이트우드,1.7cm/140cm,100cm,25700,36400
,딜라이트우드,1.7cm/140cm,200cm,62100,72800
,딜라이트우드,1.7cm/140cm,300cm,98500,109200
,딜라이트우드,1.7cm/140cm,400cm,134900,145600
,딜라이트우드,1.7cm/140cm,500cm,171300,182000
,딜라이트우드,1.7cm/140cm,600cm,207700,218400
,딜라이트우드,1.7cm/140cm,700cm,244100,254800
,딜라이트우드,1.7cm/140cm,800cm,280500,291200
,딜라이트우드,1.2cm/110cm,100cm,14500,25200
,딜라이트우드,1.2cm/110cm,200cm,39700,50400
,딜라이트우드,1.2cm/110cm,300cm,64900,75600
,딜라이트우드,1.2cm/110cm,400cm,90100,100800
,딜라이트우드,1.2cm/110cm,500cm,115300,126000
,딜라이트우드,1.2cm/110cm,600cm,140500,151200
,딜라이트우드,1.2cm/110cm,700cm,165700,176400
,딜라이트우드,1.2cm/110cm,800cm,190900,201600
,딜라이트우드,1.2cm/110cm,900cm,216100,226800
,딜라이트우드,1.2cm/110cm,1000cm,241300,252000
,딜라이트우드,1.2cm/110cm,1100cm,266500,277200
,딜라이트우드,1.2cm/110cm,1200cm,291700,302400
,딜라이트우드,1.2cm/140cm,100cm,22900,33600
,딜라이트우드,1.2cm/140cm,200cm,56500,67200
,딜라이트우드,1.2cm/140cm,300cm,90100,100800
,딜라이트우드,1.2cm/140cm,400cm,123700,134400
,딜라이트우드,1.2cm/140cm,500cm,157300,168000
,딜라이트우드,1.2cm/140cm,600cm,190900,201600
,딜라이트우드,1.2cm/140cm,700cm,224500,235200
,딜라이트우드,1.2cm/140cm,800cm,258100,268800
,딜라이트우드,1.2cm/140cm,900cm,291700,302400
,딜라이트우드,1.2cm/140cm,1000cm,325300,336000
,딜라이트우드,1.2cm/140cm,1100cm,358900,369600
,딜라이트우드,1.2cm/140cm,1200cm,392500,403200
,딜라이트우드,1.4cm/110cm,300cm,70900,81600
,딜라이트우드,1.4cm/110cm,400cm,98100,108800
,딜라이트우드,1.4cm/110cm,500cm,125300,136000
,딜라이트우드,2.2cm/110cm,100cm,27500,38200
,딜라이트우드,2.2cm/110cm,200cm,65700,76400
,딜라이트우드,2.2cm/110cm,300cm,103900,114600
,딜라이트우드,2.2cm/110cm,400cm,142100,152800
,딜라이트우드,2.2cm/110cm,500cm,180300,191000
,딜라이트우드,2.2cm/110cm,600cm,218500,229200
,딜라이트우드,2.2cm/125cm,100cm,31100,41800
,딜라이트우드,2.2cm/125cm,200cm,72900,83600
,딜라이트우드,2.2cm/125cm,300cm,114700,125400
,딜라이트우드,2.2cm/125cm,400cm,156500,167200
,딜라이트우드,2.2cm/125cm,500cm,198300,209000
,딜라이트우드,2.2cm/125cm,600cm,240100,250800