기본가격,옵션1,옵션2,옵션3,추가가격,최종가격
249000,,,,249000

,항균더블클린매트,200x200,크림그레이,,249000
,항균더블클린매트,200x200,올크림,,249000
,항균더블클린매트,240x200,크림그레이,10000,259000
,항균더블클린매트,240x200,올크림,10000,259000
,항균더블클린매트,280x200,크림그레이,20000,269000
,항균더블클린매트,280x200,올크림,20000,269000
,항균더블클린매트,280x220,크림그레이,40000,289000
,항균더블클린매트,280x220,올크림,40000,289000
,항균더블클린매트,280x240,크림그레이,60000,309000
,항균더블클린매트,280x240,올크림,60000,309000
,항균더블클린매트,280x260,올크림,86000,335000
,항균더블클린매트,280x280,크림그레이,110000,359000
,항균더블클린매트,280x280,올크림,110000,359000
,항균더블클린매트,280x320,크림그레이,130000,379000
,항균더블클린매트,280x320,올크림,130000,379000
,항균클린매트,140x200,크림그레이,-113100,135900
,항균클린매트,140x200,올크림,-113100,135900
,항균클린매트,140x240,크림그레이,-90100,158900
,항균클린매트,140x240,올크림,-90100,158900
,항균클린매트,140x280,크림그레이,-70100,178900
,항균클린매트,140x280,올크림,-70100,178900
,(2단) 복도타입 항균클린매트,110x200,크림그레이,-123100,125900
,(2단) 복도타입 항균클린매트,110x200 ★1+1할인★,크림그레이,-17200,231800
,(3단) 복도타입 항균클린매트,110x300,크림그레이,-70000,179000
,(3단) 복도타입 항균클린매트,110x300 ★1+1할인★,크림그레이,80000,329000
