기본가격,옵션1,옵션2,추가가격,최종가격
19900,,,,19900

,방방퍼즐-크림,100x100x3cm (1장),,19900
,방방퍼즐-크림,50x50x3cm (4장),,19900
,방방퍼즐-그레이,100x100x3cm (1장),,19900
,방방퍼즐-그레이,50x50x3cm (4장),,19900
,방방퍼즐-코코넛베이지,100x100x3cm (1장),,19900
,방방퍼즐-코코넛베이지,50x50x3cm (4장),,19900
,방방퍼즐-핑크,100x100x3cm (1장),,19900
,방방퍼즐-핑크,50x50x3cm (4장),,19900
,방방퍼즐-옐로우,100x100x3cm (1장),,19900
,방방퍼즐-옐로우,50x50x3cm (4장),,19900
,방방퍼즐-그린,100x100x3cm (1장),,19900
,방방퍼즐-그린,50x50x3cm (4장),,19900
,🧡NEW🧡 탄탄퍼즐-퓨어화이트,100x100x2.5cm (1장),9900,29800
,🧡NEW🧡 탄탄퍼즐-퓨어화이트,100x100x4cm (1장),19500,39400
,🧡NEW🧡 탄탄퍼즐-모노그레이,100x100x2.5cm (1장),9900,29800
,🧡NEW🧡 탄탄퍼즐-모노그레이,100x100x4cm (1장),19500,39400
,🧡NEW🧡 탄탄퍼즐-바닐라베이지,100x100x2.5cm (1장),9900,29800
,🧡NEW🧡 탄탄퍼즐-바닐라베이지,100x100x4cm (1장),19500,39400
,🧡NEW🧡 탄탄퍼즐-샌드베이지,100x100x2.5cm (1장),9900,29800
,🧡NEW🧡 탄탄퍼즐-샌드베이지,100x100x4cm (1장),19500,39400
,🧡NEW🧡 탄탄퍼즐-모카베이지,100x100x2.5cm (1장) (품절),9900,29800
,🧡NEW🧡 탄탄퍼즐-모카베이지,100x100x4cm (1장) (품절),19500,39400
,우다다퍼즐-모던크림,100x100x3.4cm (1장),17900,37800
,우다다퍼즐-모던크림,50x50x3.4cm (4장),17900,37800
,우다다퍼즐-모던그레이,100x100x3.4cm (1장),17900,37800
,우다다퍼즐-모던그레이,50x50x3.4cm (4장),17900,37800
,우다다퍼즐-라이트베이지,100x100x3.4cm (1장),17900,37800
,우다다퍼즐-라이트베이지,50x50x3.4cm (4장),17900,37800
,우다다퍼즐-러블리테라조,100x100x3.4cm (1장),17900,37800
,우다다퍼즐-러블리테라조,50x50x3.4cm (4장),17900,37800
,우다다퍼즐-마블스톤,100x100x3.4cm (1장),17900,37800
,우다다퍼즐-마블스톤,50x50x3.4cm (4장),17900,37800
,우다다퍼즐-마블베이지,100x100x3.4cm (1장),17900,37800
,우다다퍼즐-마블베이지,50x50x3.4cm (4장),17900,37800
,우다다퍼즐-아이보리우드,100x100x3.4cm (1장),17900,37800
,우다다퍼즐-아이보리우드,50x50x3.4cm (4장),17900,37800
