Subject,Start Date,Start Time,End Date,End Time,All Day Event,Description,Location,Private
CREAMHAUS,2025.9.10,11:00,2025.9.10,,FALSE,크림하우스 실리콘으로 새로워진 프리2S 출시! 프리2S&베이비룸 특가❤️,,FALSE
봄이네집.,2025.9.10,14:00,2025.9.10,,FALSE,구매자 전원 배민 2만원 상품권+네이버페이 5천원+턱받이 2장 증정 💛,,FALSE
바르맘,2025.9.11,10:00,2025.9.11,,FALSE,[키즈위크] KC인증 안전한 바르맘 TPU 롤매트 핫딜⏰,,FALSE
파크론몰,2025.9.11,11:00,2025.9.11,,FALSE,[파크론] 제로블럭 프리미엄 600 역대급 혜택 LIVE,,FALSE
젤리맘,2025.9.11,11:00,2025.9.11,,FALSE,[보들매트] 청담지움700 계약금 5만원 LIVE특가✨오늘의 기사님은?,,FALSE
티지오매트,2025.9.11,13:00,2025.9.11,,FALSE,[블루밍데이즈] 층간소음방지 유아매트 롤매트 티지오🩵블루밍초특가전🩵,,FALSE
꿈비스토어,2025.9.11,15:00,2025.9.11,,FALSE,👶🏻키즈위크 꿈비 양면이중코팅 폴더매트 라이브 특가,,FALSE
리포소 홈,2025.9.11,20:00,2025.9.11,,FALSE,"비비고 문질러도 안심되는,친환경 유아 아기 매트 리포소",,FALSE
카라즈,2025.9.12,10:00,2025.9.12,,FALSE,카라즈x키즈위크 우리아이 필수 아이템 폴더매트 1+1🩷,,FALSE
꿈비스토어,2025.9.12,11:00,2025.9.12,,FALSE,👶🏻키즈위크 꿈비 황변방지 TPU 시공서비스 라이브,,FALSE
꿈비스토어,2025.9.12,15:00,2025.9.12,,FALSE,👶🏻키즈위크 양면이중코팅 폴더매트 라이브 특가,,FALSE
CREAMHAUS,2025.9.15,11:00,2025.9.15,,FALSE,크림하우스🏆️브랜드대상 1위 맞춤폴더매트 특가전,,FALSE
아소방,2025.9.15,11:00,2025.9.15,,FALSE,[특선물] 아소방 가을세일 원秋원秋 품격있는 추석선물!,,FALSE
꿈비스토어,2025.9.15,15:00,2025.9.15,,FALSE,🎁특선물 꿈비 항균PLUS 매트 라이브 특가 + 단독 사은품,,FALSE
꿈비스토어,2025.9.16,11:00,2025.9.16,,FALSE,🎁꿈비 NEW 논슬립 텍스쳐 더블 원피스매트 특선물 특가,,FALSE
허그매트,2025.9.16,11:00,2025.9.16,,FALSE,[허그매트] 퓨어스톤 방출 이벤트! vol 6,,FALSE
젤리맘,2025.9.16,11:00,2025.9.16,,FALSE,[보들매트] TPU퍼즐매트 특가✨청담지움500 전문가시공 오픈!,,FALSE
리포소 홈,2025.9.16,20:00,2025.9.16,,FALSE,"비비고 문질러도 안심되는,친환경 유아 아기 매트 리포소",,FALSE
파크론몰,2025.9.17,11:00,2025.9.17,,FALSE,🍂파크론 유아동 놀이방매트 가을세일 원秋🍂,,FALSE
파크론몰,2025.9.17,11:00,2025.9.17,,FALSE,🍂파크론 유아동 놀이방매트 가을세일 원추원추🍂,,FALSE
따사룸,2025.9.17,13:00,2025.9.17,,FALSE,따사룸💙아랫집 걱정 그만! 유아 어린이 실내 층간 소음매트 충격흡수,,FALSE
BUNNY HOUSE,2025.9.17,15:00,2025.9.17,,FALSE,[바니하우스] 추석특집 🏅9월 라이브방송 특가🏅,,FALSE
허그매트,2025.9.18,11:00,2025.9.18,,FALSE,[허그매트] 스톤마블 방출 이벤트! vol 7,,FALSE
젤리맘,2025.9.18,11:00,2025.9.18,,FALSE,[보들매트] 황변에 강한 청담지움700 퍼즐매트 전문가 LIVE특가 🔥,,FALSE
티지오매트,2025.9.18,13:00,2025.9.18,,FALSE,[네이버특선물] 층간소음방지 유아매트 롤매트 티지오특가전,,FALSE
꿈비스토어,2025.9.19,10:00,2025.9.19,,FALSE,👶🏻꿈비 브랜드데이 양면이중코팅 매트 역대급 혜택,,FALSE
꿈비스토어,2025.9.19,14:00,2025.9.19,,FALSE,👶🏻꿈비 브랜드데이 시공 TPU 매트 라이브 역대급 혜택,,FALSE
바르맘,2025.9.22,10:00,2025.9.22,,FALSE,[블루밍x네플스] KC인증 바르맘 TPU 롤매트 타임 특가⏰,,FALSE
파크론몰,2025.9.22,11:00,2025.9.22,,FALSE,[제로블럭] TPU600 전문가시공 라이브,,FALSE
꿈비스토어,2025.9.22,15:00,2025.9.22,,FALSE,🎁특선물 꿈비 논슬립 텍스처 더블원피스매트 런칭 특가,,FALSE
꿈비스토어,2025.9.23,11:00,2025.9.23,,FALSE,👶🏻특선물 꿈비 양면이중코팅 매트 라이브 특가 + 사은품,,FALSE
젤리맘,2025.9.23,11:00,2025.9.23,,FALSE,[보들매트] 추석특가🍁TPU 청담지움 퍼즐매트🎊복주머니 뽑아가세요!,,FALSE
아누리,2025.9.23,11:00,2025.9.23,,FALSE,아누리 추석맞이 베이비룸+매트 필수템!,,FALSE
리포소 홈,2025.9.23,20:00,2025.9.23,,FALSE,"비비고 문질러도 안심되는,친환경 유아 아기 매트 리포소",,FALSE
CREAMHAUS,2025.9.24,11:00,2025.9.24,,FALSE,크림하우스 걸려넘어지지 않는 슬라이드 프리 폴더매트 로봇청소기도 가능!,,FALSE
꿈비스토어,2025.9.24,14:00,2025.9.24,,FALSE,🎁특선물 꿈비 시공매트 시공비 무료 라이브 + 단독 사은품,,FALSE
파크론몰,2025.9.25,11:00,2025.9.25,,FALSE,파크론 유아동 9/25(목),,FALSE
파크론몰,2025.9.25,11:00,2025.9.25,,FALSE,💚파크론 LUCKY 3DAYS 놀이방매트 특가💚,,FALSE
꿈비스토어,2025.9.25,11:00,2025.9.25,,FALSE,🎁특선물 꿈비 항균PLUS 매트 라이브 특가 + 베이비바우처,,FALSE
본베베,2025.9.25,11:00,2025.9.25,,FALSE,🍁특선물🍁 9월 마지막 라방! 본베베 전상품 네쇼라 핫딜!,,FALSE
허그매트,2025.9.25,11:00,2025.9.25,,FALSE,[허그매트] 스크래치 클래식(공기순환로) 방출 이벤트! vol 8,,FALSE
젤리맘,2025.9.25,11:00,2025.9.25,,FALSE,[보들매트] 9월 마지막찬스🔥청담지움700 층간소음매트 라이브특가!,,FALSE
티지오매트,2025.9.25,13:00,2025.9.25,,FALSE,[본사직영최저가] 층간소음방지 유아매트 롤매트💛추석특가전💛,,FALSE
꿈비스토어,2025.9.25,15:00,2025.9.25,,FALSE,🎁특선물 꿈비 양면이중코팅 매트 특가 + 베이비바우처 적립,,FALSE
꿈비스토어,2025.9.27,11:00,2025.9.27,,FALSE,🎁특선물 꿈비 주말특가 양면이중코팅 매트 + 베이비바우처 적립,,FALSE
꿈비스토어,2025.9.29,11:00,2025.9.29,,FALSE,🎁특선물 꿈비 양면이중코팅 더블원피스매트 특가+바우처적립,,FALSE
국민매트 알집매트,2025.9.29,11:00,2025.9.29,,FALSE,노블와이드 라이브 첫공개! 시공된 집에서 확인하는 리얼 무물라이브,,FALSE
따사룸,2025.9.30,13:00,2025.9.30,,FALSE,따사룸💙아랫집 걱정 그만! 유아 어린이 실내 층간 소음매트 충격흡수,,FALSE
파크론몰,2025.9.30,14:00,2025.9.30,,FALSE,[제로블럭] 프리미엄600 시공매트 리퍼브 LIVE,,FALSE
리포소 홈,2025.9.30,20:00,2025.9.30,,FALSE,"비비고 문질러도 안심되는,친환경 유아 아기 매트 리포소",,FALSE
파크론몰,2025.10.1,11:00,2025.10.1,,FALSE,파크론 유아동 10/1(수),,FALSE
파크론몰,2025.10.1,11:00,2025.10.1,,FALSE,[블루밍데이즈] 🐻파크론 놀이방매트 최대 63% 할인🐻,,FALSE
파크론몰,2025.10.1,11:00,2025.10.1,,FALSE,[블루밍데이즈] 🐻파크론 놀이방매트 최대 54% 할인🐻,,FALSE
꿈비스토어,2025.10.1,11:00,2025.10.1,,FALSE,👶🏻꿈비 양면이중코팅 폴더매트 400g 고중량 원단,,FALSE
티지오매트,2025.10.1,13:00,2025.10.1,,FALSE,[블루밍데이즈] 층간소음방지 유아매트 롤매트 티지오💛추석초특가💛,,FALSE
파크론몰,2025.10.1,15:00,2025.10.1,,FALSE,[제로블럭]추석특집 프리미엄1200 시공매트 LIVE,,FALSE
꿈비스토어,2025.10.10,11:00,2025.10.10,,FALSE,👶🏻꿈비 양면이중코팅 매트 카드사 할인 + 바우처 적립 특가,,FALSE
꿈비스토어,2025.10.13,11:00,2025.10.13,,FALSE,👶🏻키즈위크 꿈비 시공비 무료 TPU매트 시공 라이브,,FALSE
아소방,2025.10.13,11:00,2025.10.13,,FALSE,[블루밍데이즈] 아소방 10월 세일페스타 ✨,,FALSE
파크론몰,2025.10.14,11:00,2025.10.14,,FALSE,파크론 유아동 10/14(화),,FALSE
파크론몰,2025.10.14,11:00,2025.10.14,,FALSE,[블루밍데이즈] 💚파크론 LUCKY 3DAYS LIVE 특가💚,,FALSE
아누리,2025.10.14,11:00,2025.10.14,,FALSE,아누리 추석맞이 베이비룸+매트 필수템!,,FALSE
따사룸,2025.10.14,13:00,2025.10.14,,FALSE,따사룸💙아랫집 걱정 그만! 유아 어린이 실내 층간 소음매트 충격흡수,,FALSE
티지오매트,2025.10.14,13:00,2025.10.14,,FALSE,[본사직영할인] 층간소음방지 유아매트 롤매트 티지오💛가을초특가💛,,FALSE
리포소 홈,2025.10.14,20:00,2025.10.14,,FALSE,"비비고 문질러도 안심되는,친환경 유아 아기 매트 리포소",,FALSE
LUNA STORY,2025.10.15,11:00,2025.10.15,,FALSE,유아매트 베이비룸 안전용품 특가전,,FALSE
카라즈,2025.10.15,11:00,2025.10.15,,FALSE,카라즈x키즈위크 엄마와 아이에게 사랑받는 폴더매트&베이비룸 특가🎉,,FALSE
봄이네집.,2025.10.15,11:00,2025.10.15,,FALSE,구매자 전원 봄봄 주방매트+배민 2만원 상품권+네이버페이 5천원 🎁,,FALSE
꿈비스토어,2025.10.16,10:00,2025.10.16,,FALSE,👶🏻블루밍데이즈 꿈비 양면이중코팅 매트 라이브 특가 + 적립,,FALSE
젤리맘,2025.10.16,11:00,2025.10.16,,FALSE,[보들매트] 층간소음OUT🔥 청담지움700 계약금5만원+추가할인꿀팁,,FALSE
꿈비스토어,2025.10.20,11:00,2025.10.20,,FALSE,👶🏻꿈비 논슬립 텍스처 라이브 런칭특가 + 베이비바우처 적립,,FALSE
꿈비스토어,2025.10.21,10:00,2025.10.21,,FALSE,👶🏻꿈비 키즈라이브데이 양면이중코팅 매트 특가,,FALSE
젤리맘,2025.10.21,11:00,2025.10.21,,FALSE,[블루밍데이즈] 보들매트 TPU퍼즐매트🔥10월 역대급 혜택 찬스,,FALSE
플로리아 FLORIA,2025.10.21,11:00,2025.10.21,,FALSE,[블루밍데이즈] 층간소음 OUT💥 키즈WEEK 카드사 할인+시공비 무료,,FALSE
따사룸,2025.10.21,13:00,2025.10.21,,FALSE,따사룸💙아랫집 걱정 그만! 유아 어린이 실내 층간 소음매트 충격흡수,,FALSE
리포소 홈,2025.10.21,20:00,2025.10.21,,FALSE,"비비고 문질러도 안심되는,친환경 유아 아기 매트 리포소",,FALSE
CREAMHAUS,2025.10.22,11:00,2025.10.22,,FALSE,크림하우스 실리콘으로 새로워진 프리2S 출시! 프리2S&베이비룸 특가❤️,,FALSE
티지오매트,2025.10.22,13:00,2025.10.22,,FALSE,[블루밍데이즈] 층간소음방지 유아매트 롤매트 티지오💛가을초특가💛,,FALSE
봄이네집.,2025.10.22,14:00,2025.10.22,,FALSE,라이브,,FALSE
봄이네집.,2025.10.22,14:00,2025.10.22,,FALSE,[라이브단독] 구매자 전원 이마트 3만원 상품권+네이버페이 5천원 💛,,FALSE
꿈비스토어,2025.10.22,15:00,2025.10.22,,FALSE,👶🏻꿈비 황변방지 TPU 매트 시공라이브 시공비 무료,,FALSE
파크론몰,2025.10.23,11:00,2025.10.23,,FALSE,파크론 유아동 10/23(목),,FALSE
꿈비스토어,2025.10.23,11:00,2025.10.23,,FALSE,🎁베이비바우처 적립 꿈비 양면이중코팅 매트 라이브 특가,,FALSE
파크론몰,2025.10.23,11:00,2025.10.23,,FALSE,❤️파크론 FALL IN SALE 놀이방매트 LIVE 특가❤️,,FALSE
꿈비스토어,2025.10.23,15:00,2025.10.23,,FALSE,🎁베이비바우처 적립 꿈비 양면이중코팅 매트 라이브 특가,,FALSE
국민매트 알집매트,2025.10.24,11:00,2025.10.24,,FALSE,[알집매트] 앵콜요청폭주! 더클래식 시공매트 전문가시공 라이브 한정혜택,,FALSE
바르맘,2025.10.27,10:00,2025.10.27,,FALSE,[바르맘] 유아안심 무독성 TPU 롤매트 핫딜🔥,,FALSE
꿈비스토어,2025.10.27,11:00,2025.10.27,,FALSE,👶🏻꿈비 넾다세일 양면이중코팅 매트 특가 + 바우처 적립,,FALSE
베베핏 Bebefit,2025.10.27,20:45,2025.10.27,,FALSE,시그니처토트백1+1행사🎉 베베핏 초특가 라이브 할인 쿠폰 증정🎊,,FALSE
꿈비스토어,2025.10.28,10:00,2025.10.28,,FALSE,👶🏻블루밍데이즈 꿈비 더블원피스 양면이중코팅 라이브 특가,,FALSE
리포소 홈,2025.10.28,20:00,2025.10.28,,FALSE,"비비고 문질러도 안심되는,친환경 유아 아기 매트 리포소",,FALSE
위틀스토어,2025.10.28,11:00,2025.10.28,,FALSE,[키즈라이브데이] 신생아에게 필요한 모든 것! 아기띠&아기침대&아기모빌,,FALSE
위드앤스토어,2025.10.28,13:00,2025.10.28,,FALSE,[블루밍데이즈]따뜻한 온기 발열매트 ON,,FALSE
아누리,2025.10.28,11:00,2025.10.28,,FALSE,아누리 베이비룸 브랜드 대상1위,,FALSE
꿈비스토어,2025.10.29,11:00,2025.10.29,,FALSE,👶🏻꿈비 논슬립 텍스처 매트 최강쿠폰 + 10% 바우처적립,,FALSE
CREAMHAUS,2025.10.29,11:00,2025.10.29,,FALSE,크림하우스 걸려넘어지지 않는 슬라이드 프리 폴더매트 로봇청소기도 가능!,,FALSE
따사룸,2025.10.29,11:00,2025.10.29,,FALSE,따사룸💙아랫집 걱정 그만! 유아 어린이 실내 층간 소음매트 충격흡수,,FALSE
BUNNY HOUSE,2025.10.29,15:00,2025.10.29,,FALSE,[바니하우스]🌞가을특가🌞 유아매트 핫-딜🔔,,FALSE
꿈비스토어,2025.10.30,11:00,2025.10.30,,FALSE,👶🏻네쇼페 꿈비 시공 서비스 시공비 무료 특가 + 적립,,FALSE
티지오매트,2025.10.30,13:00,2025.10.30,,FALSE,[넵다세일] 층간소음방지 유아매트 롤매트 티지오 넵다세일 특가전!,,FALSE
젤리맘,2025.10.30,11:00,2025.10.30,,FALSE,[보들매트] 청담지움700 전문가시공무료🔥 60장사면 5장 추가무료🎁,,FALSE
오월데코,2025.10.30,18:00,2025.10.30,,FALSE,🤩[블루밍데이즈]오늘만10%+가을 신상겨울이불특가전!!,,FALSE
끼리코매트,2025.10.31,11:00,2025.10.31,,FALSE,[블루밍데이즈] 끼리코 TPU 매트 빅세일 라이브,,FALSE
꿈비스토어,2025.10.31,11:00,2025.10.31,,FALSE,👶🏻네쇼페 꿈비 하이가드 범퍼침대 특가 + 적립 + 추가 쿠폰,,FALSE
아소방,2025.11.3,11:00,2025.11.3,,FALSE,아소방 11월 쇼핑라이브,,FALSE
아소방,2025.11.3,11:00,2025.11.3,,FALSE,[블루밍데이즈] 넾다세일 x 아소방 블랙프라이데이위크🖤,,FALSE
꿈비스토어,2025.11.4,10:00,2025.11.4,,FALSE,👶🏻꿈비 양면이중코팅 매트 브랜드특가 + 베이비바우처 적립,,FALSE
꿈비스토어,2025.11.4,10:00,2025.11.4,,FALSE,꿈비 11월 블루밍데이즈,,FALSE
파크론몰,2025.11.4,11:00,2025.11.4,,FALSE,파크론 유아동 11/4(화) 오전 11시,,FALSE
파크론몰,2025.11.4,11:00,2025.11.4,,FALSE,[블루밍데이즈]🖤파크론 BLACK WEEK 놀이방매트 특가🖤,,FALSE
따사룸,2025.11.4,13:00,2025.11.4,,FALSE,따사룸💙아랫집 걱정 그만! 유아 어린이 실내 층간 소음매트 충격흡수,,FALSE
리포소 홈,2025.11.4,20:00,2025.11.4,,FALSE,"비비고 문질러도 안심되는,친환경 유아 아기 매트 리포소",,FALSE
파크론몰,2025.11.5,11:00,2025.11.5,,FALSE,11/5 제로블럭 프리미엄 600,,FALSE
티지오매트,2025.11.6,13:00,2025.11.6,,FALSE,[넵다세일] 층간소음방지 유아매트 롤매트 티지오💛11월초특가💛,,FALSE
꿈비스토어,2025.11.10,11:00,2025.11.10,,FALSE,👶🏻국민템 꿈비 논슬립 텍스처 매트 특가 + 적립,,FALSE
리포소 홈,2025.11.11,20:00,2025.11.11,,FALSE,"비비고 문질러도 안심되는,친환경 유아 아기 매트 리포소",,FALSE
꿈비스토어,2025.11.11,14:00,2025.11.11,,FALSE,👶🏻꿈비 넾다세일 하이가드 범퍼침대 라이브 특가 + 베이비바우처 적립,,FALSE
파크론몰,2025.11.12,11:00,2025.11.12,,FALSE,[블루밍데이즈] 파크론 11/12(수) 오전 11시,,FALSE
꿈비스토어,2025.11.12,11:00,2025.11.12,,FALSE,👶🏻국민템 꿈비 양면이중코팅 매트 특가 + 베이비바우처 적립,,FALSE
파크론몰,2025.11.12,11:00,2025.11.12,,FALSE,[블루밍데이즈] 💚파크론 LUCKY 3DAYS LIVE 특가💚,,FALSE
따사룸,2025.11.13,11:00,2025.11.13,,FALSE,따사룸💙아랫집 걱정 그만! 유아 어린이 실내 층간 소음매트 충격흡수,,FALSE
아소방,2025.11.14,11:00,2025.11.14,,FALSE,아소방 11월 쇼핑라이브 2,,FALSE
꿈비스토어,2025.11.14,11:00,2025.11.14,,FALSE,👶🏻국민템 꿈비 양면이중코팅 매트 특가 + 베이비바우처 적립,,FALSE
아소방,2025.11.14,11:00,2025.11.14,,FALSE,[블루밍데이즈] 아소방 11월 세일페스타 ✨,,FALSE
파크론몰,2025.11.17,11:00,2025.11.17,,FALSE,11/17 제로블럭 프리미엄 600,,FALSE
따사룸,2025.11.18,13:00,2025.11.18,,FALSE,따사룸💙아랫집 걱정 그만! 유아 어린이 실내 층간 소음매트 충격흡수,,FALSE
리포소 홈,2025.11.18,20:00,2025.11.18,,FALSE,"비비고 문질러도 안심되는,친환경 유아 아기 매트 리포소",,FALSE
파크론몰,2025.11.20,11:00,2025.11.20,,FALSE,파크론 유아동 11/20(목) 오전 11시,,FALSE
티지오매트,2025.11.20,13:00,2025.11.20,,FALSE,[블루밍데이즈] 층간소음방지 유아매트 롤매트 티지오💛11월 초특가💛,,FALSE
바르맘,2025.11.24,10:00,2025.11.24,,FALSE,[네플스데이] KC인증 바르맘 TPU 롤매트 추가 적립!⏰,,FALSE
젤리맘,2025.11.25,11:00,2025.11.25,,FALSE,[블루밍데이즈] 단 1시간⏰보들매트 TPU퍼즐매트 11월 역대급특가🔥,,FALSE
리포소 홈,2025.11.25,20:00,2025.11.25,,FALSE,"비비고 문질러도 안심되는,친환경 유아 아기 매트 리포소",,FALSE
따사룸,2025.11.27,11:00,2025.11.27,,FALSE,따사룸💙아랫집 걱정 그만! 유아 어린이 실내 층간 소음매트 충격흡수,,FALSE
티지오매트,2025.11.27,13:00,2025.11.27,,FALSE,[블루밍데이즈] 층간소음방지 유아매트 롤매트 티지오💛11월초특가💛,,FALSE
오월데코,2025.11.27,18:00,2025.11.27,,FALSE,🤩[블루밍데이즈]오늘만10%+겨울이불 담요 특가전!!,,FALSE
파크론몰,2025.11.28,11:00,2025.11.28,,FALSE,11/28 제로블럭 일시불+렌탈,,FALSE